{"cameraMode":{"drawMode":0,"name":"Shaded","section":"Shading Mode"},"sceneLighting":false,"audioPlay":false,"sceneViewState":{"m_AlwaysRefresh":false,"showFog":true,"showSkybox":false,"showFlares":true,"showImageEffects":true,"showParticleSystems":true,"showVisualEffectGraphs":true,"m_FxEnabled":true},"in2DMode":false,"pivot":{"x":-0.25010746717453005,"y":1.3751449584960938,"z":0.9408671855926514},"rotation":{"x":-0.0634295642375946,"y":0.9261886477470398,"z":-0.18090835213661195,"w":-0.32471561431884768},"size":0.8660262823104858,"orthographic":true}