{"cameraMode":{"drawMode":0,"name":"Shaded","section":"Shading Mode"},"sceneLighting":false,"audioPlay":false,"sceneViewState":{"m_AlwaysRefresh":false,"showFog":true,"showSkybox":false,"showFlares":true,"showImageEffects":true,"showParticleSystems":true,"showVisualEffectGraphs":true,"m_FxEnabled":true},"in2DMode":false,"pivot":{"x":3.095602035522461,"y":-0.3799999952316284,"z":-2.6944189071655275},"rotation":{"x":0.12046203762292862,"y":0.37502771615982058,"z":-0.04922061040997505,"w":0.9178341627120972},"size":1.4767959117889405,"orthographic":false}