{"cameraMode":{"drawMode":0,"name":"Shaded","section":"Shading Mode"},"sceneLighting":false,"audioPlay":false,"sceneViewState":{"m_AlwaysRefresh":false,"showFog":true,"showSkybox":false,"showFlares":true,"showImageEffects":true,"showParticleSystems":true,"showVisualEffectGraphs":true,"m_FxEnabled":true},"in2DMode":false,"pivot":{"x":-2.9130001068115236,"y":0.9229999780654907,"z":0.14899998903274537},"rotation":{"x":0.1021406501531601,"y":0.7664759159088135,"z":-0.12597331404685975,"w":0.6214629411697388},"size":0.3560229539871216,"orthographic":true}